{
      "$schema": "http://json-schema.org/draft-04/schema#",
      "title": "Product",
      "description": "A product in the catalog",
      "type": "object",
      "properties": {
        "title": {
          "description": "The product title",
          "type": "string"
        },
        "description": {
          "description": "A short description of the product",
          "type": "string"
        },
        "price": {
            "type": "number",
            "minimum": 0,
            "exclusiveMinimum": true
        },
        "count": {
          "type": "integer",
          "minimum": 0
        }
      },
      "required": ["title", "price", "count"]
}
    